Official Reg. No. (ORN),Reproduction Status,Cull Reason 1,Cull Reason 2,Cull Decision Reason 1,Cull Decision Reason 2,Cull Date
Dödfödd - {060cb25f-f07f-447f-95d8-15153cadc614},,,,,,
Dödfödd - {084b4155-f143-4966-8b30-b664a5658197},Culled,,,,,
Dödfödd - {0a8f04e8-858e-45cc-9bf1-6ae54cabb584},,,,,,
Dödfödd - {10fbad45-2c3b-401d-87b0-d9cc1530310c},,,,,,
Dödfödd - {114ce8e4-53ba-4721-95bf-e05e67178766},,,,,,
Dödfödd - {137b4ebd-f925-4dc8-8a2a-74b1abc7fbe0},,,,,,
Dödfödd - {30ebe1e0-282c-44c4-b809-426f76f7abc5},Culled,,,,,
Dödfödd - {31ba493d-6e99-4d35-8aea-98dad8e76e0f},,,,,,
Dödfödd - {3385dfe2-6dfd-492a-a2d1-ee683e2cdc51},,,,,,
Dödfödd - {3655b785-1e6c-41ba-a46a-08d6987997d5},,,,,,
Dödfödd - {380b6704-e3f0-4668-af52-7c122cbaa2f3},,,,,,
Dödfödd - {39516dd0-93ff-4f03-948b-498ecc73e117},,,,,,
Dödfödd - {3b344191-ee51-4008-a103-d4b2876d8efc},Culled,,,,,
Dödfödd - {3f96409d-0d71-4311-b985-1344ff2dd4d1},,,,,,
Dödfödd - {47521990-83c4-40e1-b025-37b00a1e4ee3},,,,,,
Dödfödd - {4ddb7890-15a7-474e-b99d-feb9be59e31e},Culled,,,,,
Dödfödd - {4e2e0080-e374-4abf-88e0-ba0b19fca80d},,,,,,
Dödfödd - {4e95e79c-b654-4e29-874c-5c607b779597},,,,,,
Dödfödd - {554ac0c9-a213-44ca-9cda-a44a1c54d081},,,,,,
Dödfödd - {5b85d04a-845a-44a4-8f88-1593f7d32a16},,,,,,
Dödfödd - {5d45615c-3fd1-42df-987c-3c8cca6e725a},,,,,,
Dödfödd - {5e1c30ec-459c-4689-8b77-80c0ec55a2b8},,,,,,
Dödfödd - {5ec83d5e-1e7a-425f-ba06-047b370413b2},Culled,,,,,
Dödfödd - {619b76b7-dd6f-49f9-932e-c0532e0bbfcf},,,,,,
Dödfödd - {680157f5-8ffc-44f4-af14-179804e83622},Culled,,,,,
Dödfödd - {6994e3cc-e4e0-424a-9b14-90142a623148},,,,,,
Dödfödd - {778b5d4a-ecf4-491c-bb8e-3eb08968729c},Culled,,,,,
Dödfödd - {791c2deb-3936-47a8-bc93-a019ba24928e},Culled,,,,,
Dödfödd - {7ebfd1f5-3d68-46a3-b9d1-efe87c230219},,,,,,
Dödfödd - {891da273-e46d-4f85-ac54-a0a7432b055d},Culled,,,,,
Dödfödd - {8945d443-956f-4204-9dec-79c7dae587c6},Culled,,,,,
Dödfödd - {8eabd3e4-2c12-46c5-a256-49b880569d9e},,,,,,
Dödfödd - {8f261b47-ed18-4107-bd31-d65dfb7c05cb},Culled,,,,,
Dödfödd - {9b62f7a2-88f2-4280-b61b-52727c816e2c},,,,,,
Dödfödd - {b0ec74d1-846e-4f23-b6d5-8ff7ff198b2e},,,,,,
Dödfödd - {bb837a46-039d-401f-aca2-980e05220702},,,,,,
Dödfödd - {bff3e5ac-e4a9-4db3-b9bb-a7c1c308bd79},,,,,,
Dödfödd - {ce5deb9a-b99b-41c9-ad55-a78f89f5539f},,,,,,
Dödfödd - {d0655c6e-a92f-4440-816b-0eff5826766d},Culled,,,,,
Dödfödd - {d5a1078b-c661-4a81-a2f9-8d0f9804d232},Culled,,,,,
Dödfödd - {d5ce2984-4f3e-4082-849d-36a87a9c77cd},,,,,,
Dödfödd - {da8770e2-15ff-489b-b362-6fa2b49e422f},,,,,,
Dödfödd - {da98112d-d4b3-415f-a0fb-5bede145e4cc},,,,,,
Dödfödd - {dfe79ed2-e0cc-4673-9c32-66ef4400112a},,,,,,
Dödfödd - {e3a46a87-73da-4bbe-a7a0-b747cc3933cd},Culled,,,,,
Dödfödd - {e44766c3-d9aa-4f96-8a00-79a2c131e372},,,,,,
Dödfödd - {e82a7a5d-2006-417a-a543-11fdfb68e351},,,,,,
Dödfödd - {e83c59fb-f7e0-4c84-8159-0f7f7e9b2c30},,,,,,
Dödfödd - {f0fa5962-0c95-4090-a0aa-838546677792},,,,,,
Dödfödd - {f11d265f-fc50-4541-976b-7577bb474cd5},Culled,,,,,
Dödfödd - {faa4e815-4676-411d-8c38-9ea4448ca3b9},Culled,,,,,
Dödfödd - {fb0325d7-6deb-40ac-94ee-c6e7f616b6b4},,,,,,
Dödfödd - {fd5f5135-5b32-4899-8873-61f604a86306},,,,,,
-791,Culled,02 Nedsatt fruktsamhet,,,,7/11/2016
-794,Culled,02 Nedsatt fruktsamhet,04 Mastit/juverfel,,,11/24/2017
-795,Culled,02 Nedsatt fruktsamhet,,,,8/16/2017
-796,Culled,11 Kastning,,,,8/16/2017
-797,Culled,11 Kastning,,,,1/27/2020
-804,Culled,04 Mastit/juverfel,,,,3/20/2019
-1003,Culled,02 Nedsatt fruktsamhet,,,,3/20/2019
-1016,Culled,"18 Svårmjölkad, exteriör",,,,5/8/2018
-1022,Culled,04 Mastit/juverfel,,,,10/16/2019
-1024,Culled,02 Nedsatt fruktsamhet,,,,1/22/2019
-1025,Culled,08 Klövsjukdom,,,,11/24/2017
-0702,Culled,12 Hög ålder,,,,10/7/2015
-0767,Culled,14 Lynnesfel,,,,8/1/2013
-0769,Culled,03 Ej dräktig,,03 Ej dräktig,,9/2/2013
-0772,Culled,04 Mastit/juverfel,,,,2/9/2016
-0776,Culled,04 Mastit/juverfel,,,,9/9/2015
-0778,Culled,13 Låg avkastning,,,,12/12/2012
-1169,Culled,02 Nedsatt fruktsamhet,,,,1/22/2019
-1175,Culled,09 Benlidande,,,,12/11/2019
-1176,Culled,04 Mastit/juverfel,,,,11/24/2017
-1177,Culled,02 Nedsatt fruktsamhet,,,,11/24/2017
-1179,Culled,02 Nedsatt fruktsamhet,,,,9/7/2020
-1182,Culled,02 Nedsatt fruktsamhet,"18 Svårmjölkad, exteriör",,,7/15/2019
-1183,Culled,11 Kastning,,,,2/14/2018
-1188,Culled,,,,,
-1189,Pregnant,,,,,
-1194,Pregnant,,,,,
-1388,Culled,46 Hemslakt,15 Olycksfall,,,5/20/2017
-1389,Pregnant,,,,,
-1396,Bred,,,,,
-1397,Culled,02 Nedsatt fruktsamhet,"18 Svårmjölkad, exteriör",,,8/9/2018
-1398,Culled,02 Nedsatt fruktsamhet,,,,7/15/2019
-1402,Fresh,,,,,
-0820,Culled,05 Juver/spenskada,,,,12/2/2011
-0826,Culled,04 Mastit/juverfel,,,,11/14/2011
-0839,Culled,03 Ej dräktig,,,,11/14/2011
-0840,Dry,03 Ej dräktig,,,,10/22/2012
-0861,Culled,04 Mastit/juverfel,,,,11/14/2011
-0865,Culled,35 Högt celltal,,,,9/9/2015
-0868,Culled,35 Högt celltal,,35 Högt celltal,,5/14/2013
-0875,Culled,03 Ej dräktig,,,,12/10/2013
-0876,Culled,03 Ej dräktig,,,,1/24/2012
-0885,Culled,35 Högt celltal,,,,1/24/2012
-0890,Culled,12 Hög ålder,"18 Svårmjölkad, exteriör",,,8/26/2016
-0891,Culled,03 Ej dräktig,,,,10/22/2012
-0892,Culled,04 Mastit/juverfel,,,,11/14/2011
-0893,Culled,35 Högt celltal,,,,5/14/2013
-0900,Culled,"18 Svårmjölkad, exteriör",12 Hög ålder,,,5/6/2014
-0901,Culled,04 Mastit/juverfel,,,,7/30/2014
-0909,Culled,05 Juver/spenskada,,,,12/2/2011
-0910,Culled,03 Ej dräktig,,,,12/2/2011
-0911,Culled,35 Högt celltal,,,,1/21/2013
-0912,Culled,03 Ej dräktig,,,,10/22/2012
-0914,Culled,04 Mastit/juverfel,,,,11/14/2011
-0917,Culled,04 Mastit/juverfel,,,,11/14/2011
-0922,Culled,03 Ej dräktig,,,,1/21/2013
-0926,Culled,04 Mastit/juverfel,,,,11/7/2013
-0928,Culled,35 Högt celltal,,,,11/27/2017
-0931,Culled,04 Mastit/juverfel,,,,11/14/2011
-0932,Culled,03 Ej dräktig,,,,1/24/2012
-0933,Culled,03 Ej dräktig,,,,11/28/2012
-0940,Culled,03 Ej dräktig,,,,11/28/2012
-0942,Dry,03 Ej dräktig,,,,1/21/2013
-0943,Culled,03 Ej dräktig,,03 Ej dräktig,,9/2/2013
-0945,Culled,03 Ej dräktig,04 Mastit/juverfel,,,9/25/2012
-0948,Culled,13 Låg avkastning,,,,12/10/2013
-0949,Culled,03 Ej dräktig,,03 Ej dräktig,,9/2/2013
-0952,Dry,13 Låg avkastning,,,,10/22/2012
-0956,Dry,13 Låg avkastning,,,,10/22/2012
-0957,Culled,03 Ej dräktig,,,,10/22/2012
-0959,Culled,04 Mastit/juverfel,,,,2/24/2014
-0960,Culled,03 Ej dräktig,,,,1/29/2013
-0961,Culled,02 Nedsatt fruktsamhet,,,,3/16/2015
-0962,Culled,03 Ej dräktig,,,,10/22/2012
-0963,Culled,"52 Avlivad, destruktion",04 Mastit/juverfel,,,3/25/2016
-0966,Culled,03 Ej dräktig,,,,12/10/2013
-0967,Culled,15 Olycksfall,,,,11/28/2012
-0968,Culled,03 Ej dräktig,,,,1/28/2013
-0969,Culled,03 Ej dräktig,,,,12/10/2013
-0971,Culled,13 Låg avkastning,,,,12/10/2013
-0972,Culled,04 Mastit/juverfel,,,,7/30/2014
-0974,Culled,50 Övrig utgångsorsak,,,,12/12/2012
-0975,Culled,35 Högt celltal,,,,11/7/2013
-0976,Culled,10 Svårmjölkad,,,,8/1/2013
-0977,Culled,03 Ej dräktig,,,,1/21/2013
-0979,Culled,13 Låg avkastning,,"31 Missbildning, spenar/juver",,5/14/2013
-0980,Culled,03 Ej dräktig,,,,1/28/2013
-0981,Culled,13 Låg avkastning,04 Mastit/juverfel,,,2/5/2015
-0982,Culled,02 Nedsatt fruktsamhet,,,,2/5/2015
-0984,Culled,"52 Avlivad, destruktion",04 Mastit/juverfel,,,1/13/2017
-0985,Culled,03 Ej dräktig,,,,1/24/2012
-0986,Culled,,,,,
-0987,Culled,13 Låg avkastning,,,,1/21/2013
-0988,Culled,04 Mastit/juverfel,,,,11/14/2011
-0989,Culled,13 Låg avkastning,,,,11/28/2012
-0990,Culled,35 Högt celltal,,,,2/9/2016
-0991,Culled,02 Nedsatt fruktsamhet,,,,10/21/2014
-0992,Culled,04 Mastit/juverfel,,,,12/10/2013
-0993,Culled,13 Låg avkastning,,,,2/24/2014
-0994,Culled,"18 Svårmjölkad, exteriör",,,,3/13/2018
-0995,Culled,11 Kastning,,,,11/7/2013
-0996,Culled,35 Högt celltal,,,,10/21/2014
-0997,Culled,,,,,
-0998,Culled,,,,,
-0999,Dry,03 Ej dräktig,,,,10/22/2012
-1000,Culled,,,,,
-1001,Culled,11 Kastning,,,,3/16/2015
-1002,Culled,13 Låg avkastning,03 Ej dräktig,,,11/7/2013
-1003,Culled,47 Avlivning/självdöd destruerad,15 Olycksfall,,,12/28/2013
-1004,Dry,03 Ej dräktig,,,,12/5/2013
-1005,Culled,03 Ej dräktig,,,,1/29/2013
-1006,Culled,13 Låg avkastning,,,,12/12/2012
-1007,Culled,03 Ej dräktig,,,,12/5/2013
-1008,Culled,03 Ej dräktig,,,,12/5/2013
-1009,Culled,09 Benlidande,04 Mastit/juverfel,,,2/9/2016
-1010,Culled,11 Kastning,,,,12/14/2015
-1011,Culled,04 Mastit/juverfel,,,,2/5/2015
-1012,Culled,"52 Avlivad, destruktion",15 Olycksfall,,,4/11/2016
-1014,Culled,03 Ej dräktig,,,,12/10/2013
-1015,Culled,03 Ej dräktig,,,,9/13/2012
-1016,Culled,02 Nedsatt fruktsamhet,,,,10/21/2014
-1017,Culled,02 Nedsatt fruktsamhet,,,,10/21/2014
-1018,Culled,04 Mastit/juverfel,,,,2/9/2016
-1019,Dry,,,,,
-1020,Culled,12 Hög ålder,,,,2/14/2018
-1021,Culled,13 Låg avkastning,04 Mastit/juverfel,,,3/16/2015
-1022,Culled,04 Mastit/juverfel,,,,2/27/2017
-1023,Culled,46 Hemslakt,,,,11/28/2012
-1025,Culled,03 Ej dräktig,,,,12/10/2013
-1026,Culled,,,,,
-1027,Culled,02 Nedsatt fruktsamhet,,,,7/30/2014
-1028,Culled,03 Ej dräktig,,,,9/13/2012
-1029,Culled,,,,,
-1030,Culled,"31 Missbildning, spenar/juver",,,,11/28/2012
-1031,Culled,02 Nedsatt fruktsamhet,,,,6/23/2014
-1032,Culled,35 Högt celltal,,,,2/5/2015
-1033,Culled,03 Ej dräktig,,,,9/13/2012
-1034,Culled,03 Ej dräktig,,,,1/14/2013
-1035,Culled,02 Nedsatt fruktsamhet,,,,2/24/2014
-1036,Culled,14 Lynnesfel,,,,12/12/2012
-1037,Dry,,,,,
-1038,Culled,03 Ej dräktig,,,,9/13/2012
-1039,Open,,,,,
-1040,Culled,02 Nedsatt fruktsamhet,,,,3/15/2016
-1041,Culled,46 Hemslakt,,,,10/20/2012
-1042,Culled,03 Ej dräktig,,,,9/13/2012
-1043,Culled,13 Låg avkastning,,,,7/30/2014
-1044,Culled,03 Ej dräktig,,03 Ej dräktig,,12/4/2012
-1045,Culled,02 Nedsatt fruktsamhet,,,,12/14/2015
-1046,Culled,04 Mastit/juverfel,,,,8/26/2016
-1047,Culled,,,,,
-1048,Culled,03 Ej dräktig,,,,9/13/2012
-1049,Culled,35 Högt celltal,,,,2/27/2017
-1051,Culled,02 Nedsatt fruktsamhet,,,,7/11/2016
-1052,Culled,,,,,
-1053,Culled,"62 Slakt/slaktdjur, handjur",,,,11/28/2012
-1055,Culled,03 Ej dräktig,,,,12/5/2013
-1056,Culled,13 Låg avkastning,,,,2/24/2014
-1057,Culled,,,,,
-1058,Culled,08 Klövsjukdom,,,,2/26/2020
-1059,Culled,02 Nedsatt fruktsamhet,35 Högt celltal,,,8/9/2018
-1060,Culled,50 Övrig utgångsorsak,,,,8/26/2016
-1061,Culled,13 Låg avkastning,,,,9/9/2015
-1062,Culled,02 Nedsatt fruktsamhet,,,,2/27/2017
-1063,Culled,05 Juver/spenskada,,,,8/26/2014
-1064,Culled,02 Nedsatt fruktsamhet,,,,2/14/2018
-1065,Culled,"18 Svårmjölkad, exteriör",13 Låg avkastning,,,2/5/2015
-1066,Culled,04 Mastit/juverfel,,,,2/14/2018
-1067,Culled,,,,,
-1068,Culled,02 Nedsatt fruktsamhet,,,,3/13/2018
-1069,Culled,09 Benlidande,16 Ämnesoms.sjukdom/acetonemi/foderleda,,,1/22/2019
-1070,Culled,32 Slakt,,,,10/21/2013
-1071,Culled,32 Slakt,,,,10/21/2013
-1072,Culled,02 Nedsatt fruktsamhet,,,,11/9/2016
-1073,Culled,,,,,
-1074,Culled,02 Nedsatt fruktsamhet,,,,9/9/2015
-1075,Culled,32 Slakt,,,,5/14/2013
-1076,Culled,35 Högt celltal,04 Mastit/juverfel,,,11/27/2017
-1077,Culled,02 Nedsatt fruktsamhet,,,,2/24/2014
-1078,Culled,32 Slakt,,,,5/14/2013
-1079,Culled,02 Nedsatt fruktsamhet,,,,3/22/2017
-1080,Culled,"19 Svårmjölkad, nedsläpp",,,,10/7/2015
-1081,Culled,32 Slakt,,,,10/21/2013
-1082,Culled,"18 Svårmjölkad, exteriör",,,,11/9/2016
-1083,Culled,32 Slakt,,50 Övrig utgångsorsak,,10/21/2013
-1084,Culled,35 Högt celltal,,,,9/9/2015
-1085,Culled,32 Slakt,,,,10/21/2013
-1087,Culled,32 Slakt,,,,10/21/2013
-1088,Culled,04 Mastit/juverfel,,,,8/16/2017
-1089,Culled,32 Slakt,,,,10/24/2013
-1090,Dry,,,,,
-1091,Culled,32 Slakt,,,,10/24/2013
-1092,Culled,35 Högt celltal,,,,3/15/2016
-1093,Culled,02 Nedsatt fruktsamhet,,,,5/6/2014
-1094,Culled,06 Förlossningssvårigheter,,,,8/26/2016
-1095,Culled,02 Nedsatt fruktsamhet,,,,3/15/2016
-1096,Culled,06 Förlossningssvårigheter,08 Klövsjukdom,,,1/27/2020
-1097,Culled,32 Slakt,,,,10/21/2013
-1098,Culled,04 Mastit/juverfel,,,,8/26/2016
-1099,Culled,,,,,
-1100,Culled,32 Slakt,,32 Slakt,,5/6/2014
-1101,Culled,32 Slakt,,32 Slakt,,5/6/2014
-1102,Culled,04 Mastit/juverfel,,,,7/11/2016
-1103,Culled,11 Kastning,,,,11/24/2017
-1104,Culled,35 Högt celltal,,,,1/27/2020
-1105,Culled,,,,,
-1106,Culled,,,,,
-1107,Culled,02 Nedsatt fruktsamhet,,,,2/5/2015
-1108,Culled,02 Nedsatt fruktsamhet,,,,2/9/2016
-1109,Culled,04 Mastit/juverfel,,,,11/24/2017
-1110,Culled,,,,,
-1111,Culled,35 Högt celltal,,,,8/6/2018
-1112,Culled,11 Kastning,,,,3/16/2015
-1113,Culled,,,,,
-1114,Culled,04 Mastit/juverfel,,,,2/27/2017
-1115,Culled,02 Nedsatt fruktsamhet,,,,2/5/2015
-1116,Culled,13 Låg avkastning,,,,11/9/2016
-1117,Culled,32 Slakt,,,,2/5/2015
-1118,Culled,,,,,
-1119,Culled,35 Högt celltal,,,,2/27/2017
-1120,Culled,,,,,
-1121,Culled,04 Mastit/juverfel,,,,8/16/2017
-1122,Culled,02 Nedsatt fruktsamhet,,,,2/5/2015
-1123,Culled,35 Högt celltal,,,,11/24/2017
-1124,Culled,"18 Svårmjölkad, exteriör",09 Benlidande,,,12/11/2019
-1125,Culled,13 Låg avkastning,04 Mastit/juverfel,,,5/8/2018
-1126,Culled,32 Slakt,,,,2/5/2015
-1127,Culled,32 Slakt,,,,2/5/2015
-1128,Culled,,,,,
-1129,Culled,02 Nedsatt fruktsamhet,,,,11/27/2017
-1130,Culled,04 Mastit/juverfel,,,,2/27/2017
-1131,Culled,11 Kastning,,,,11/24/2017
-1132,Culled,,,,,
-1133,Culled,,,,,
-1134,Culled,05 Juver/spenskada,,,,2/27/2017
-1135,Culled,02 Nedsatt fruktsamhet,,,,3/16/2015
-1136,Culled,02 Nedsatt fruktsamhet,,,,11/27/2017
-1137,Culled,,,,,
-1138,Open,,,,,
-1139,Open,,,,,
-1140,Culled,02 Nedsatt fruktsamhet,,,,1/27/2020
-1141,Culled,Other,04 Mastit/juverfel,,,8/10/2020
-1142,Culled,"18 Svårmjölkad, exteriör",,,,11/1/2018
-1143,Culled,11 Kastning,13 Låg avkastning,,,3/13/2018
-1144,Culled,04 Mastit/juverfel,,,,3/23/2017
-1145,Culled,"52 Avlivad, destruktion",,50 Övrig utgångsorsak,,7/23/2014
-1146,Culled,32 Slakt,,,,10/7/2015
-1147,Culled,17 Annan sjukdom,,,,11/1/2018
-1148,Culled,02 Nedsatt fruktsamhet,,,,10/7/2015
-1149,Culled,09 Benlidande,,,,8/6/2018
-1150,Culled,32 Slakt,,,,10/7/2015
-1151,Culled,02 Nedsatt fruktsamhet,,,,11/27/2017
-1152,Culled,,,,,
-1153,Culled,12 Hög ålder,,,,5/8/2018
-1154,Culled,02 Nedsatt fruktsamhet,,,,11/1/2018
-1155,Culled,02 Nedsatt fruktsamhet,,,,11/27/2017
-1156,Culled,02 Nedsatt fruktsamhet,,,,1/22/2019
-1157,Culled,32 Slakt,,,,12/14/2015
-1158,Culled,02 Nedsatt fruktsamhet,,,,2/14/2018
-1159,Culled,02 Nedsatt fruktsamhet,,,,3/13/2018
-1160,Culled,02 Nedsatt fruktsamhet,,,,8/9/2018
-1161,Culled,35 Högt celltal,13 Låg avkastning,,,2/14/2018
-1162,Pregnant,,,,,
-1163,Bred,,,,,
-1164,Culled,15 Olycksfall,,,,7/25/2014
-1165,,50 Övrig utgångsorsak,,,,7/31/2014
-1165,Culled,08 Klövsjukdom,,,,11/24/2017
-1166,Culled,35 Högt celltal,,,,2/27/2017
-1167,Open,,,,,
-1168,Culled,,,,,
-1169,Culled,,,,,
-1170,Bred,,,,,
-1171,Culled,02 Nedsatt fruktsamhet,,,,8/9/2018
-1172,Culled,04 Mastit/juverfel,,,,8/9/2018
-1173,Open,,,,,
-1174,Culled,02 Nedsatt fruktsamhet,,,,1/27/2020
-1175,Culled,08 Klövsjukdom,,,,8/9/2018
-1176,Culled,32 Slakt,02 Nedsatt fruktsamhet,,,11/9/2016
-1177,Culled,"52 Avlivad, destruktion",17 Annan sjukdom,,,2/26/2020
-1178,Fresh,,,,,
-1179,Culled,04 Mastit/juverfel,,,,1/27/2020
-1180,Open,,,,,
-1181,Culled,35 Högt celltal,,,,8/10/2020
-1182,Culled,02 Nedsatt fruktsamhet,,,,8/9/2018
-1183,Culled,04 Mastit/juverfel,,,,1/22/2019
-1184,Open,,,,,
-1185,Culled,13 Låg avkastning,02 Nedsatt fruktsamhet,,,11/1/2018
-1186,Culled,"18 Svårmjölkad, exteriör",,,,8/9/2018
-1187,Pregnant,,,,,
-1188,Culled,35 Högt celltal,13 Låg avkastning,,,9/7/2020
-1189,Culled,04 Mastit/juverfel,,,,1/27/2020
-1190,Culled,,,02 Nedsatt fruktsamhet,,
-1191,Culled,13 Låg avkastning,,,,2/14/2018
-1192,Culled,11 Kastning,,,,11/24/2017
-1193,Bred,,,,,
-1194,Culled,02 Nedsatt fruktsamhet,,,,6/3/2019
-1195,Open,,,,,
-1196,Culled,02 Nedsatt fruktsamhet,13 Låg avkastning,,,5/8/2018
-1197,Open,,,,,
-1198,Pregnant,,,,,
-1199,Dry,,,,,
-1200,Pregnant,,,,,
-1201,Pregnant,,,,,
-1202,Culled,04 Mastit/juverfel,,,,1/22/2019
-1203,Bred,,,,,
-1204,Culled,,,,,
-1205,Culled,,,,,
-1206,Culled,,,,,
-1207,Culled,35 Högt celltal,,,,9/7/2020
-1208,Pregnant,,,,,
-1209,Pregnant,,,,,
-1210,Pregnant,,,,,
-1211,Fresh,,,,,
-1212,Fresh,,,,,
-1213,Pregnant,,,,,
-1214,Culled,,,,,
-1215,Fresh,,,,,
-1216,Culled,,,,,
-1217,Culled,04 Mastit/juverfel,,,,1/27/2020
-1218,Fresh,,,,,
-1219,Bred,,,,,
-1220,Culled,,,,,
-1221,Culled,,,,,
-1222,Culled,,,50 Övrig utgångsorsak,,
-1223,Pregnant,,,,,
-1224,Open,,,,,
-1225,Pregnant,,,,,
-1226,Culled,,,50 Övrig utgångsorsak,,
-1227,Culled,"19 Svårmjölkad, nedsläpp",,,,5/8/2018
-1228,Culled,02 Nedsatt fruktsamhet,,,,6/3/2019
-1229,Dry,,,,,
-1230,Culled,,,,,
-1231,Open,,,,,
-1232,Pregnant,,,,,
-1233,Culled,,,,,
-1234,Open,,,,,
-1235,Bred,,,,,
-1236,Pregnant,,,,,
-1237,Pregnant,,,,,
-1238,Pregnant,,,,,
-1239,Culled,04 Mastit/juverfel,,,,11/1/2018
-1240,Bred,,,,,
-1241,Fresh,,,,,
-1242,Culled,35 Högt celltal,,,,9/7/2020
-1243,Culled,02 Nedsatt fruktsamhet,,,,11/1/2018
-1244,Open,,,,,
-1245,Culled,,,,,
-1246,Culled,,,,,
-1247,Culled,,,50 Övrig utgångsorsak,,
-1248,Culled,,,,,
-1249,Open,,,,,
-1250,Dry,,,,,
-1251,Pregnant,,,,,
-1252,Bred,,,,,
-1253,Dry,,,,,
-1254,Pregnant,,,,,
-1255,Culled,,,,,
-1256,Culled,,,,,
-1257,Dry,,,,,
-1258,Dry,,,,,
-1259,Culled,02 Nedsatt fruktsamhet,,,,2/26/2020
-1260,Culled,,,,,
-1261,Pregnant,,,,,
-1262,Culled,,,,,
-1263,Pregnant,,,,,
-1264,Pregnant,,,,,
-1265,Pregnant,,,,,
-1266,Pregnant,,,,,
-1267,Pregnant,,,,,
-1268,Culled,01 Såld till liv,,,,5/16/2017
-1269,Culled,01 Såld till liv,,,,5/16/2017
-1270,Culled,01 Såld till liv,,,,5/16/2017
-1271,Culled,,,,,
-1272,Culled,"18 Svårmjölkad, exteriör",,,,8/10/2020
-1273,Bred,,,,,
-1274,Pregnant,,,,,
-1275,Open,,,,,
-1276,Pregnant,,,,,
-1277,Culled,32 Slakt,50 Övrig utgångsorsak,32 Slakt,,5/8/2018
-1278,Culled,02 Nedsatt fruktsamhet,,,,1/27/2020
-1279,Culled,,,,,
-1280,Pregnant,,,,,
-1281,Open,,,,,
-1282,Culled,,,,,
-1283,Bred,,,,,
-1284,Culled,,,,,
-1285,Bred,,,,,
-1286,Culled,13 Låg avkastning,,,,1/27/2020
-1287,Pregnant,,,,,
-1288,Culled,02 Nedsatt fruktsamhet,,,,2/26/2020
-1289,Culled,"52 Avlivad, destruktion",,,,10/26/2017
-1291,Culled,,,,,
-1292,Dry,,,,,
-1293,Open,,,,,
-1294,Culled,,,,,
-1295,Open,,,,,
-1296,Pregnant,,,,,
-1297,Pregnant,,,,,
-1298,Dry,,,,,
-1299,Dry,,,,,
-1300,Culled,50 Övrig utgångsorsak,,,,8/19/2019
-1301,Open,,,,,
-1302,Open,,,,,
-1303,Dry,,,,,
-1304,Culled,32 Slakt,,,,8/19/2019
-1305,Open,,,,,
-1306,Culled,,,,,
-1307,Pregnant,,,,,
-1308,Pregnant,,,,,
-1309,Bred,,,,,
-1310,Dry,,,,,
-1311,Culled,,,,,
-1312,Pregnant,,,,,
-1313,Culled,01 Såld till liv,,,,3/16/2018
-1314,Culled,01 Såld till liv,,,,3/16/2018
-1315,Culled,32 Slakt,,,,8/19/2019
-1316,Culled,13 Låg avkastning,,,,2/26/2020
-1317,Culled,,,,,
-1318,Culled,,,,,
-1319,Pregnant,,,,,
-1320,Pregnant,,,,,
-1321,Pregnant,,,,,
-1322,Bred,,,,,
-1323,Culled,,,,,
-1324,Pregnant,,,,,
-1325,Culled,32 Slakt,,,,8/19/2019
-1326,Culled,,,,,
-1327,Pregnant,,,,,
-1328,Culled,,,,,
-1329,Culled,,,,,
-1330,Pregnant,,,,,
-1331,Culled,32 Slakt,,,,8/19/2019
-1332,Culled,,,,,
-1333,Pregnant,,,,,
-1334,Culled,,,,,
-1335,Culled,32 Slakt,,,,8/19/2019
-1336,Culled,,,,,
-1337,Culled,,,,,
-1338,Culled,,,,,
-1339,Pregnant,,,,,
-1340,Open,,,,,
-1341,Culled,,,,,
-1342,Bred,,,,,
-1343,Bred,,,,,
-1344,Open,,,,,
-1345,Culled,,,,,
-1346,Culled,,,,,
-1347,Open,,,,,
-1348,Open,,,,,
-1349,Culled,,,,,
-1350,Culled,,,,,
-1351,Fresh,,,,,
-1352,Fresh,,,,,
-1353,Culled,,,,,
-1354,Fresh,,,,,
-1355,Pregnant,,,,,
-1356,Pregnant,,,,,
-1357,Fresh,,,,,
-1358,Culled,32 Slakt,,,,9/7/2020
-1359,Pregnant,,,,,
-1360,Culled,,,,,
-1361,Culled,32 Slakt,,,,9/7/2020
-1362,Culled,32 Slakt,,,,9/7/2020
-1363,Culled,,,,,
-1364,Culled,"52 Avlivad, destruktion",17 Annan sjukdom,,,5/30/2019
-1365,Culled,,,,,
-1366,Pregnant,,,,,
-1367,Pregnant,,,,,
-1368,Pregnant,,,,,
-1369,Culled,,,,,
-1370,Culled,,,,,
-1371,Culled,,,,,
-1372,Pregnant,,,,,
-1373,Pregnant,,,,,
-1374,Pregnant,,,,,
-1375,Culled,Death,,,,4/23/2019
-1375,Culled,32 Slakt,,,,9/7/2020
-1376,Pregnant,,,,,
-1377,Culled,32 Slakt,,,,9/7/2020
-1378,Pregnant,,,,,
-1379,Culled,32 Slakt,,,,9/7/2020
-1380,Bred,,,,,
-1381,Bred,,,,,
-1381-1,Culled,,,,,
-1382,Culled,32 Slakt,,32 Slakt,,9/7/2020
-1383,Pregnant,,,,,
-1383-1,Culled,Death,,,,7/1/2019
-1384,Culled,,,,,
-1385,Bred,,,,,
-1386,Culled,,,,,
-1387,Culled,,,,,
-1388,Bred,,,,,
-1390,Culled,,,,,
-1391,Heifer,,,,,
-1392,Culled,,,,,
-1393,Bred,,,,,
-1394,Bred,,,,,
-1395,Bred,,,,,
-1397,Heifer,,,,,
-1399,Heifer,,,,,
-1400,Heifer,,,,,
-1401,Heifer,,,,,
-1403,Heifer,,,,,
-1404,Heifer,,,,,
-1405,Heifer,,,,,
-1406,Heifer,,,,,
-1407,Heifer,,,,,
-1408,Heifer,,,,,
-1409,Culled,01 Såld till liv,,,,1/20/2020
-1410,Heifer,,,,,
-1411,Heifer,,,,,
-1412,Heifer,,,,,
-1413,Heifer,,,,,
-1414,Heifer,,,,,
-1415,Heifer,,,,,
-1416,Heifer,,,,,
-1417,Culled,,,,,
-1418,Heifer,,,,,
-1419,Heifer,,,,,
-1420,Culled,,,,,
-1421,Culled,,,,,
-1422,Heifer,,,,,
-1423,Heifer,,,,,
-1424,Heifer,,,,,
-1425,Heifer,,,,,
-1426,Heifer,,,,,
-1427,Heifer,,,,,
-1428,Heifer,,,,,
-1429,Heifer,,,,,
-1430,Heifer,,,,,
-1431,Heifer,,,,,
-1432,Heifer,,,,,
-1433,Heifer,,,,,
-1434,Heifer,,,,,
-1435,Heifer,,,,,
-1436,Heifer,,,,,
-1437,Heifer,,,,,
-1438,Culled,,,,,
-1439,Heifer,,,,,
-1440,Heifer,,,,,
-1441,Heifer,,,,,
-1442,Culled,01 Såld till liv,,,,9/15/2020
-1443,Heifer,,,,,
-1444,Culled,,,,,
-1445,Culled,01 Såld till liv,,,,9/15/2020
-1446,Culled,01 Såld till liv,,,,9/15/2020
-1447,Culled,01 Såld till liv,,,,9/15/2020
-1448,Heifer,,,,,
-1449,Heifer,,,,,
-1450,Culled,,,,,
-1451,Heifer,,,,,
-1452,Heifer,,,,,
-1452-1,Culled,,,,,
-1453,Heifer,,,,,
-1454,Heifer,,,,,
-1455,Heifer,,,,,
-1456,Calf,,,,,
-1457,Calf,,,,,
-1458,Calf,,,,,
-1459,Calf,,,,,
-1460,Calf,,,,,
-1461,Calf,,,,,
-1462,Calf,,,,,
-6226,,,,,,
-6424,,,,,,
-6575,,,,,,
-6576,,,,,,
-6577,,,,,,
-6578,,,,,,
-6579,,,,,,
-6580,,,,,,
-6581,,,,,,
-6582,,,,,,
-6583,,,,,,
-6584,,,,,,
-6585,,,,,,
-6586,,,,,,
-6587,,,,,,
-6588,,,,,,
-6589,,,,,,
-6590,,,,,,
-6591,,,,,,
-6592,,,,,,
-6594,,,,,,
-6595,,,,,,
-6596,,,,,,
-6597,,,,,,
-6598,,,,,,
-6599,,,,,,
-6600,,,,,,
-6601,,,,,,
-6602,,,,,,
-6603,,,,,,
-6604,,,,,,
-6605,,,,,,
-6606,,,,,,
-6607,,,,,,
-6608,,,,,,
-6609,,,,,,
-6610,,,,,,
-6611,,,,,,
-6612,,,,,,
-6613,,,,,,
-6613,,Death,,,,7/28/2015
-6614,,,,,,
-6615,,,,,,
-6616,,,,,,
-6617,,,,,,
-6618,,,,,,
-6619,,,,,,
-6620,,,,,,
-6621,,01 Såld till liv,,,,3/14/2013
-6622,,,,,,
-6623,,,,,,
-6624,,,,,,
-6625,,,,,,
-6626,,,,,,
-6627,,,,,,
-6628,,,,,,
-6629,,01 Såld till liv,,,,5/20/2013
-6630,,01 Såld till liv,,,,5/20/2013
-6631,,01 Såld till liv,,,,5/20/2013
-6632,,,,,,
-6633,,01 Såld till liv,,,,7/12/2013
-6634,,01 Såld till liv,,,,7/12/2013
-6635,,,,,,
-6636,,,,,,
-6637,,,,,,
-6638,,,,,,
-6639,,,,,,
-6640,,01 Såld till liv,,,,9/17/2013
-6641,,01 Såld till liv,,,,9/17/2013
-6642,,,,,,
-6643,,,,,,
-6644,,01 Såld till liv,,,,12/7/2013
-6645,,,,,,
-6646,,01 Såld till liv,,,,12/27/2013
-6647,,01 Såld till liv,,,,12/27/2013
-6648,,01 Såld till liv,,,,12/27/2013
-6649,,01 Såld till liv,,,,12/27/2013
-6650,,,,,,
-6651,,,,,,
-6652,,,,,,
-6653,,,,,,
-6654,,,,,,
-6655,,,,,,
-6656,,,,,,
-6657,,,,,,
-6658,,,,,,
-6659,,,,,,
-6660,,,,,,
-6661,,,,,,
-6662,,01 Såld till liv,,,,5/19/2014
-6663,,01 Såld till liv,,,,5/21/2014
-6664,,01 Såld till liv,,,,5/21/2014
-6665,,01 Såld till liv,,,,5/19/2014
-6666,,01 Såld till liv,,,,8/1/2014
-6667,,01 Såld till liv,,,,8/3/2014
-6668,,,,,,
-6669,,,,,,
-6670,,,,,,
-6670,,50 Övrig utgångsorsak,,,,4/11/2015
-6671,,,,,,
-6672,,,,,,
-6673,,,,,,
-6674,,01 Såld till liv,,,,12/4/2014
-6675,,01 Såld till liv,,,,12/4/2014
-6676,,,,,,
-6677,,Death,,,,11/4/2014
-6677,,,,,,
-6678,,,,,,
-6679,,,,,,
-6680,,,,,,
-6681,,,,,,
-6682,,,,,,
-6683,,,,,,
-6684,,,,,,
-6685,,,,,,
-6686,,,,,,
-6687,,,,,,
-6688,,,,,,
-6689,,,,,,
-6690,,,,,,
-6691,,,,,,
-6692,,,,,,
-6693,,,,,,
-6694,,01 Såld till liv,,,,4/16/2015
-6695,,,,,,
-6696,,,,,,
-6697,,,,,,
-6698,,,,,,
-6699,,,,,,
-6700,,,,,,
-6701,,,,,,
-6702,,,,,,
-6703,,,,,,
-6704,,,,,,
-6705,,,,,,
-6706,,,,,,
-6707,,,,,,
-6708,,,,,,
-6709,,,,,,
-6710,,,,,,
-6711,,Death,,,,7/11/2015
-6711,,,,,,
-6712,,,,,,
-6713,,01 Såld till liv,,,,10/9/2015
-6714,,,,,,
-6715,,,,,,
-6716,,,,,,
-6717,,,,,,
-6718,,,,,,
-6719,,,,,,
-6720,,,,,,
-6721,,,,,,
-6722,,,,,,
-6723,,,,,,
-6724,,,,,,
-6725,,,,,,
-6726,,,,,,
-6727,,,,,,
-6728,,,,,,
-6729,,,,,,
-6730,,,,,,
-6731,,,,,,
-6732,,,,,,
-6733,,,,,,
-6734,,,,,,
-6735,,,,,,
-6736,,,,,,
-6737,,,,,,
-6738,,,,,,
-6739,,,,,,
-6740,,,,,,
-6741,,,,,,
-6742,,,,,,
-6743,,,,,,
-6744,,,,,,
-6745,,,,,,
-6746,,,,,,
-6747,,,,,,
-6748,,,,,,
-6749,,,,,,
-6750,,,,,,
-6751,,,,,,
-6752,,,,,,
-6753,,,,,,
-6754,,,,,,
-6755,,,,,,
-6756,,,,,,
-6757,,,,,,
-6758,,,,,,
-6759,,,,,,
-6760,,,,,,
-6761,,,,,,
-6762,,,,,,
-6763,,,,,,
-6764,,,,,,
-6765,,,,,,
-6766,,,,,,
-6767,,01 Såld till liv,,,,12/19/2016
-6768,,01 Såld till liv,,,,12/19/2016
-6769,,01 Såld till liv,,,,12/19/2016
-6770,,01 Såld till liv,,,,12/19/2016
-6771,,01 Såld till liv,,,,12/19/2016
-6772,,01 Såld till liv,,,,1/8/2017
-6773,,01 Såld till liv,,,,1/8/2017
-6774,,,,,,
-6775,,,,,,
-6776,,,,,,
-6777,,01 Såld till liv,,,,2/27/2017
-6778,,01 Såld till liv,,,,2/27/2017
-6779,,01 Såld till liv,,,,2/27/2017
-6780,,,,,,
-6781,,,,,,
-6782,,,,,,
-6783,,,,,,
-6784,,,,,,
-6785,,,,,,
-6786,,,,,,
-6787,,01 Såld till liv,,,,5/16/2017
-6788,,01 Såld till liv,,,,5/16/2017
-6789,,01 Såld till liv,,,,5/16/2017
-6790,,01 Såld till liv,,,,5/16/2017
-6791,,01 Såld till liv,,,,5/16/2017
-6792,,,,,,
-6793,,,,,,
-6794,,,,,,
-6795,,,,,,
-6796,,,,,,
-6797,,,,,,
-6798,,,,,,
-6799,,,,,,
-6800,,,,,,
-6801,,,,,,
-6802,,,,,,
-6803,,,,,,
-6804,,,,,,
-6805,,,,,,
-6806,,01 Såld till liv,,,,12/19/2017
-6809,,01 Såld till liv,,,,12/19/2017
-6811,,,,,,
-6812,,,,,,
-6813,,,,,,
-6814,,01 Såld till liv,,,,1/29/2018
-6815,,01 Såld till liv,,,,1/29/2018
-6816,,01 Såld till liv,,,,1/29/2018
-6817,,01 Såld till liv,,,,1/29/2018
-6818,,01 Såld till liv,,,,3/16/2018
-6819,,01 Såld till liv,,,,3/16/2018
-6820,,,,,,
-6821,,,,,,
-6822,,,,,,
-6823,,,,,,
-6824,,,,,,
-6825,,,,,,
-6826,,,,,,
-6827,,,,,,
-6828,,,,,,
-6829,,,,,,
-6830,,,,,,
-6831,,,,,,
-6832,,,,,,
-6833,,,,,,
-6834,,,,,,
-6835,,,,,,
-6836,,,,,,
-6837,,,,,,
-6838,,,,,,
-6839,,,,,,
-6840,,,,,,
-6841,,,,,,
-6842,,,,,,
-6843,,,,,,
-6844,,,,,,
-6845,,,,,,
-6846,,,,,,
-6847,,,,,,
-6848,,,,,,
-6849,,,,,,
-6850,,,,,,
-6851,,01 Såld till liv,,,,1/30/2019
-6852,,01 Såld till liv,,,,1/30/2019
-6853,,01 Såld till liv,,,,1/30/2019
-6854,,,,,,
-6855,,,,,,
-6856,,,,,,
-6857,,,,,,
-6858,,,,,,
-6859,,,,,,
-6860,,,,,,
-6861,,,,,,
-6862,,,,,,
-6863,,,,,,
-6864,,,,,,
-6865,,,,,,
-6866,,,,,,
-6867,,,,,,
-6868,,,,,,
-6869,,,,,,
-6870,,,,,,
-6871,,,,,,
-6872,,,,,,
-6873,,,,,,
-6874,,,,,,
-6875,,,,,,
-6876,,,,,,
-6877,,,,,,
-6878,,,,,,
-6879,,,,,,
-6880,,,,,,
-6881,,,,,,
-6882,,,,,,
-6883,,,,,,
-6884,,,,,,
-6885,,,,,,
-6886,,,,,,
-6887,,01 Såld till liv,,,,9/30/2019
-6889,,01 Såld till liv,,,,9/30/2019
-6890,,01 Såld till liv,,,,9/30/2019
-6891,,01 Såld till liv,,,,9/30/2019
-6892,,,,,,
-6893,,,,,,
-6894,,,,,,
-6895,,,,,,
-6896,,,,,,
-6897,,,,,,
-6898,,,,,,
-6899,,,,,,
-6900,,,,,,
-6901,,,,,,
-6902,,,,,,
-6903,,,,,,
-6904,,01 Såld till liv,,,,1/20/2020
-6905,,01 Såld till liv,,,,1/20/2020
-6906,,,,,,
-6907,,,,,,
-6908,,,,,,
-6909,,,,,,
-6910,,,,,,
-6911,,,,,,
-6912,,,,,,
-6913,,,,,,
-6914,,,,,,
-6915,,,,,,
-6916,,,,,,
-6917,,,,,,
-6918,,,,,,
-6919,,,,,,
-6920,,,,,,
-6921,,,,,,
-6922,,,,,,
-6923,,,,,,
-6924,,,,,,
-6925,,,,,,
-6926,,,,,,
-6927,,,,,,
-6928,,,,,,
-6929,,,,,,
-6930,,,,,,
-6931,,,,,,
-6932,,,,,,
-6933,,,,,,
-6934,,01 Såld till liv,,,,9/15/2020
-6935,,01 Såld till liv,,,,9/15/2020
-6936,,01 Såld till liv,,,,9/15/2020
-6937,,01 Såld till liv,,,,9/15/2020
-6938,,01 Såld till liv,,,,9/15/2020
-6939,,01 Såld till liv,,,,9/15/2020
-6940,,01 Såld till liv,,,,9/15/2020
-6941,,01 Såld till liv,,,,9/15/2020
-6942,,01 Såld till liv,,,,9/15/2020
-6943,,,,,,
-6944,,,,,,
-6945,,,,,,
-6946,,,,,,
-6947,,,,,,
-6948,,,,,,
-6949,,,,,,
-6950,,,,,,
-6951,,,,,,
-6952,,,,,,
-6953,,,,,,
-6954,,,,,,
-6955,,,,,,
-6956,,,,,,
-6957,,,,,,
-6958,,,,,,
-6959,,,,,,
-6960,,,,,,
-6961,,,,,,
-6962,,,,,,
-767,Culled,50 Övrig utgångsorsak,,,,8/1/2013
-0587,Culled,02 Nedsatt fruktsamhet,,,,11/9/2016
-0595,Culled,06 Förlossningssvårigheter,,,,2/14/2018
-0597,Culled,02 Nedsatt fruktsamhet,,,,3/15/2016
-0600,Culled,13 Låg avkastning,,,,12/14/2015
-0602,Open,,,,,
-0603,Culled,02 Nedsatt fruktsamhet,,,,7/15/2019
-0612,Culled,11 Kastning,13 Låg avkastning,,,2/9/2016
-798,Culled,04 Mastit/juverfel,,,,10/16/2019
